{
  "canvas": {
    "version": "2.2.11",
    "width": 2000,
    "height": 2000,
    "scrollTop": -203.52000776367245,
    "scrollLeft": -327.68562324218465,
    "zoomLevel": 0.8,
    "show": {
      "tableComment": true,
      "columnComment": true,
      "columnDataType": true,
      "columnDefault": true,
      "columnAutoIncrement": false,
      "columnPrimaryKey": true,
      "columnUnique": false,
      "columnNotNull": true,
      "relationship": true
    },
    "database": "MySQL",
    "databaseName": "",
    "canvasType": "ERD",
    "language": "GraphQL",
    "tableCase": "pascalCase",
    "columnCase": "camelCase",
    "highlightTheme": "VS2015",
    "bracketType": "none",
    "setting": {
      "relationshipDataTypeSync": true,
      "relationshipOptimization": false,
      "columnOrder": [
        "columnName",
        "columnDataType",
        "columnNotNull",
        "columnUnique",
        "columnAutoIncrement",
        "columnDefault",
        "columnComment"
      ]
    },
    "pluginSerializationMap": {}
  },
  "table": {
    "tables": [
      {
        "name": "responses",
        "comment": "",
        "columns": [
          {
            "id": "a3d992de-f93c-46a0-960c-561bfd94ad2b",
            "name": "response_id",
            "comment": "",
            "dataType": "INT",
            "default": "",
            "option": {
              "autoIncrement": true,
              "primaryKey": true,
              "unique": false,
              "notNull": true
            },
            "ui": {
              "active": false,
              "pk": true,
              "fk": false,
              "pfk": false,
              "widthName": 72.8271484375,
              "widthComment": 60,
              "widthDataType": 60,
              "widthDefault": 60
            }
          },
          {
            "id": "1296d805-d4bf-44a7-ad89-e927e38ac331",
            "name": "form_id",
            "comment": "",
            "dataType": "INT",
            "default": "",
            "option": {
              "autoIncrement": false,
              "primaryKey": false,
              "unique": false,
              "notNull": true
            },
            "ui": {
              "active": false,
              "pk": false,
              "fk": true,
              "pfk": false,
              "widthName": 60,
              "widthComment": 60,
              "widthDataType": 60,
              "widthDefault": 60
            }
          },
          {
            "id": "19883b71-1b95-4a0e-be08-89e9f0d7f595",
            "name": "user_id",
            "comment": "",
            "dataType": "INT",
            "default": "",
            "option": {
              "autoIncrement": false,
              "primaryKey": false,
              "unique": false,
              "notNull": true
            },
            "ui": {
              "active": false,
              "pk": false,
              "fk": true,
              "pfk": false,
              "widthName": 60,
              "widthComment": 60,
              "widthDataType": 60,
              "widthDefault": 60
            }
          },
          {
            "id": "9a754c73-8be4-4215-bce3-dcbd993d7e20",
            "name": "response_html",
            "comment": "",
            "dataType": "TEXT",
            "default": "",
            "option": {
              "autoIncrement": false,
              "primaryKey": false,
              "unique": false,
              "notNull": true
            },
            "ui": {
              "active": false,
              "pk": false,
              "fk": false,
              "pfk": false,
              "widthName": 87.26806640625,
              "widthComment": 60,
              "widthDataType": 60,
              "widthDefault": 60
            }
          },
          {
            "id": "32148c9e-0e46-4361-86aa-b64f59dec810",
            "name": "created_at",
            "comment": "",
            "dataType": "DATETIME",
            "default": "",
            "option": {
              "autoIncrement": false,
              "primaryKey": false,
              "unique": false,
              "notNull": true
            },
            "ui": {
              "active": false,
              "pk": false,
              "fk": false,
              "pfk": false,
              "widthName": 63.4326171875,
              "widthComment": 60,
              "widthDataType": 66.7587890625,
              "widthDefault": 60
            }
          },
          {
            "id": "6a3d90ca-42f5-44df-aabf-15ea301e6e3c",
            "name": "updated_at",
            "comment": "",
            "dataType": "DATETIME",
            "default": "",
            "option": {
              "autoIncrement": false,
              "primaryKey": false,
              "unique": false,
              "notNull": true
            },
            "ui": {
              "active": false,
              "pk": false,
              "fk": false,
              "pfk": false,
              "widthName": 67.0634765625,
              "widthComment": 60,
              "widthDataType": 66.7587890625,
              "widthDefault": 60
            }
          }
        ],
        "ui": {
          "active": false,
          "left": 172.2217,
          "top": 56.6668,
          "zIndex": 1,
          "widthName": 61.97900390625,
          "widthComment": 60
        },
        "visible": true,
        "id": "f92c39c0-6ac7-4c8b-a396-48984f902805"
      },
      {
        "name": "forms",
        "comment": "",
        "columns": [
          {
            "id": "1bd05051-366f-4467-846f-0bf6fe75a15a",
            "name": "form_id",
            "comment": "",
            "dataType": "INT",
            "default": "",
            "option": {
              "autoIncrement": true,
              "primaryKey": true,
              "unique": false,
              "notNull": true
            },
            "ui": {
              "active": false,
              "pk": true,
              "fk": false,
              "pfk": false,
              "widthName": 60,
              "widthComment": 60,
              "widthDataType": 60,
              "widthDefault": 60
            }
          },
          {
            "id": "7a65c158-8d94-4a94-bd0c-b3b59cce05af",
            "name": "user_id",
            "comment": "",
            "dataType": "INT",
            "default": "",
            "option": {
              "autoIncrement": false,
              "primaryKey": false,
              "unique": false,
              "notNull": true
            },
            "ui": {
              "active": false,
              "pk": false,
              "fk": true,
              "pfk": false,
              "widthName": 60,
              "widthComment": 60,
              "widthDataType": 60,
              "widthDefault": 60
            }
          },
          {
            "id": "d3e28b95-8895-48d8-ae0b-69e9f7913921",
            "name": "title",
            "comment": "",
            "dataType": "VARCHAR(255)",
            "default": "",
            "option": {
              "autoIncrement": false,
              "primaryKey": false,
              "unique": false,
              "notNull": true
            },
            "ui": {
              "active": false,
              "pk": false,
              "fk": false,
              "pfk": false,
              "widthName": 60,
              "widthComment": 60,
              "widthDataType": 94.94873046875,
              "widthDefault": 60
            }
          },
          {
            "id": "b939968d-fd67-4a1f-ba97-b893651663e0",
            "name": "description",
            "comment": "",
            "dataType": "VARCHAR(255)",
            "default": "",
            "option": {
              "autoIncrement": false,
              "primaryKey": false,
              "unique": false,
              "notNull": true
            },
            "ui": {
              "active": false,
              "pk": false,
              "fk": false,
              "pfk": false,
              "widthName": 64.8671875,
              "widthComment": 60,
              "widthDataType": 94.94873046875,
              "widthDefault": 60
            }
          },
          {
            "id": "3c971299-cb92-439e-842d-f1b6734cd558",
            "name": "created_at",
            "comment": "",
            "dataType": "DATETIME",
            "default": "",
            "option": {
              "autoIncrement": false,
              "primaryKey": false,
              "unique": false,
              "notNull": true
            },
            "ui": {
              "active": false,
              "pk": false,
              "fk": false,
              "pfk": false,
              "widthName": 63.4326171875,
              "widthComment": 60,
              "widthDataType": 66.7587890625,
              "widthDefault": 60
            }
          },
          {
            "id": "c3286afc-97b5-4c84-8c8f-e81dc21d6cdd",
            "name": "updated_at",
            "comment": "",
            "dataType": "DATETIME",
            "default": "",
            "option": {
              "autoIncrement": false,
              "primaryKey": false,
              "unique": false,
              "notNull": true
            },
            "ui": {
              "active": false,
              "pk": false,
              "fk": false,
              "pfk": false,
              "widthName": 67.0634765625,
              "widthComment": 60,
              "widthDataType": 66.7587890625,
              "widthDefault": 60
            }
          },
          {
            "id": "0455db74-2b25-4be9-a265-b4c093664ad2",
            "name": "is_active",
            "comment": "",
            "dataType": "BOOLEAN",
            "default": "",
            "option": {
              "autoIncrement": false,
              "primaryKey": false,
              "unique": false,
              "notNull": true
            },
            "ui": {
              "active": false,
              "pk": false,
              "fk": false,
              "pfk": false,
              "widthName": 60,
              "widthComment": 60,
              "widthDataType": 64.8544921875,
              "widthDefault": 60
            }
          },
          {
            "id": "bf99334a-7a26-496d-9c7c-a3d1ddca21f3",
            "name": "form_html",
            "comment": "",
            "dataType": "TEXT",
            "default": "",
            "option": {
              "autoIncrement": false,
              "primaryKey": false,
              "unique": false,
              "notNull": true
            },
            "ui": {
              "active": false,
              "pk": false,
              "fk": false,
              "pfk": false,
              "widthName": 60,
              "widthComment": 60,
              "widthDataType": 60,
              "widthDefault": 60
            }
          }
        ],
        "ui": {
          "active": false,
          "left": 818.8886,
          "top": 40.7778,
          "zIndex": 2,
          "widthName": 60,
          "widthComment": 60
        },
        "visible": true,
        "id": "dd1566f1-dbc9-4e96-b34b-43fd960e1e3e"
      },
      {
        "name": "users",
        "comment": "",
        "columns": [
          {
            "id": "8f5aa254-c67e-42a4-a8fc-661c554e338c",
            "name": "user_id",
            "comment": "",
            "dataType": "INT",
            "default": "",
            "option": {
              "autoIncrement": true,
              "primaryKey": true,
              "unique": false,
              "notNull": true
            },
            "ui": {
              "active": false,
              "pk": true,
              "fk": false,
              "pfk": false,
              "widthName": 60,
              "widthComment": 60,
              "widthDataType": 60,
              "widthDefault": 60
            }
          },
          {
            "id": "8fa80c10-ee91-4fc4-993d-5a22112977c8",
            "name": "first_name",
            "comment": "",
            "dataType": "VARCHAR(255)",
            "default": "",
            "option": {
              "autoIncrement": false,
              "primaryKey": false,
              "unique": false,
              "notNull": true
            },
            "ui": {
              "active": false,
              "pk": false,
              "fk": false,
              "pfk": false,
              "widthName": 62.68994140625,
              "widthComment": 60,
              "widthDataType": 94.94873046875,
              "widthDefault": 60
            }
          },
          {
            "id": "6c64821e-87e6-43c8-a54e-eb76f8fa8831",
            "name": "last_name",
            "comment": "",
            "dataType": "VARCHAR(255)",
            "default": "",
            "option": {
              "autoIncrement": false,
              "primaryKey": false,
              "unique": false,
              "notNull": true
            },
            "ui": {
              "active": false,
              "pk": false,
              "fk": false,
              "pfk": false,
              "widthName": 61.97900390625,
              "widthComment": 60,
              "widthDataType": 94.94873046875,
              "widthDefault": 60
            }
          },
          {
            "id": "4f5e908d-10f4-482e-984d-9f0327f1d574",
            "name": "email",
            "comment": "",
            "dataType": "VARCHAR(255)",
            "default": "",
            "option": {
              "autoIncrement": false,
              "primaryKey": false,
              "unique": false,
              "notNull": true
            },
            "ui": {
              "active": false,
              "pk": false,
              "fk": false,
              "pfk": false,
              "widthName": 60,
              "widthComment": 60,
              "widthDataType": 94.94873046875,
              "widthDefault": 60
            }
          },
          {
            "id": "abc56b0a-5c68-455b-bef2-fd9ec527b977",
            "name": "password",
            "comment": "",
            "dataType": "VARCHAR(255)",
            "default": "",
            "option": {
              "autoIncrement": false,
              "primaryKey": false,
              "unique": false,
              "notNull": true
            },
            "ui": {
              "active": false,
              "pk": false,
              "fk": false,
              "pfk": false,
              "widthName": 60,
              "widthComment": 60,
              "widthDataType": 94.94873046875,
              "widthDefault": 60
            }
          },
          {
            "id": "be046aeb-79b1-427d-b0ac-2fb9d3fda3a5",
            "name": "created_at",
            "comment": "",
            "dataType": "DATETIME",
            "default": "",
            "option": {
              "autoIncrement": false,
              "primaryKey": false,
              "unique": false,
              "notNull": true
            },
            "ui": {
              "active": false,
              "pk": false,
              "fk": false,
              "pfk": false,
              "widthName": 63.4326171875,
              "widthComment": 60,
              "widthDataType": 66.7587890625,
              "widthDefault": 60
            }
          },
          {
            "id": "7d383b34-d3d4-4576-a368-fe78154bef68",
            "name": "updated_at",
            "comment": "",
            "dataType": "DATETIME",
            "default": "",
            "option": {
              "autoIncrement": false,
              "primaryKey": false,
              "unique": false,
              "notNull": true
            },
            "ui": {
              "active": false,
              "pk": false,
              "fk": false,
              "pfk": false,
              "widthName": 67.0634765625,
              "widthComment": 60,
              "widthDataType": 66.7587890625,
              "widthDefault": 60
            }
          },
          {
            "id": "51e691ee-7b15-44ed-b039-7d1e6a5fab3c",
            "name": "last_login",
            "comment": "",
            "dataType": "DATETIME",
            "default": "",
            "option": {
              "autoIncrement": false,
              "primaryKey": false,
              "unique": false,
              "notNull": false
            },
            "ui": {
              "active": false,
              "pk": false,
              "fk": false,
              "pfk": false,
              "widthName": 60,
              "widthComment": 60,
              "widthDataType": 66.7587890625,
              "widthDefault": 60
            }
          },
          {
            "id": "5a4fb647-695e-4bd1-9200-55870991b035",
            "name": "is_admin",
            "comment": "",
            "dataType": "BOOLEAN",
            "default": "",
            "option": {
              "autoIncrement": false,
              "primaryKey": false,
              "unique": false,
              "notNull": true
            },
            "ui": {
              "active": false,
              "pk": false,
              "fk": false,
              "pfk": false,
              "widthName": 60,
              "widthComment": 60,
              "widthDataType": 64.8544921875,
              "widthDefault": 60
            }
          },
          {
            "name": "user_avatar",
            "comment": "",
            "dataType": "VARCHAR(255)",
            "default": "0",
            "option": {
              "autoIncrement": false,
              "primaryKey": false,
              "unique": false,
              "notNull": true
            },
            "ui": {
              "active": false,
              "pk": false,
              "fk": false,
              "pfk": false,
              "widthName": 70.64990234375,
              "widthComment": 60,
              "widthDataType": 94.94873046875,
              "widthDefault": 60
            },
            "id": "56de6421-d926-4508-b655-cf77e0071793"
          }
        ],
        "ui": {
          "active": false,
          "left": 483.3327,
          "top": 451.1124,
          "zIndex": 3,
          "widthName": 60,
          "widthComment": 60
        },
        "visible": true,
        "id": "bd28f377-dfc0-4b41-b024-202557935749"
      }
    ],
    "indexes": []
  },
  "memo": {
    "memos": []
  },
  "relationship": {
    "relationships": [
      {
        "identification": false,
        "relationshipType": "ZeroN",
        "startRelationshipType": "Dash",
        "start": {
          "tableId": "bd28f377-dfc0-4b41-b024-202557935749",
          "columnIds": [
            "8f5aa254-c67e-42a4-a8fc-661c554e338c"
          ],
          "x": 777.7816746093749,
          "y": 451.1124,
          "direction": "top"
        },
        "end": {
          "tableId": "dd1566f1-dbc9-4e96-b34b-43fd960e1e3e",
          "columnIds": [
            "7a65c158-8d94-4a94-bd0c-b3b59cce05af"
          ],
          "x": 818.8886,
          "y": 215.5278,
          "direction": "left"
        },
        "constraintName": "",
        "visible": true,
        "id": "3722f0e1-05b5-4487-be7c-b6a343a50dd0"
      },
      {
        "identification": false,
        "relationshipType": "ZeroN",
        "startRelationshipType": "Dash",
        "start": {
          "tableId": "dd1566f1-dbc9-4e96-b34b-43fd960e1e3e",
          "columnIds": [
            "1bd05051-366f-4467-846f-0bf6fe75a15a"
          ],
          "x": 818.8886,
          "y": 99.0278,
          "direction": "left"
        },
        "end": {
          "tableId": "f92c39c0-6ac7-4c8b-a396-48984f902805",
          "columnIds": [
            "1296d805-d4bf-44a7-ad89-e927e38ac331"
          ],
          "x": 553.24855546875,
          "y": 104.6668,
          "direction": "right"
        },
        "constraintName": "",
        "visible": true,
        "id": "ed1b8e62-283a-4e0c-bc14-066857eaf4e1"
      },
      {
        "identification": false,
        "relationshipType": "ZeroN",
        "startRelationshipType": "Dash",
        "start": {
          "tableId": "bd28f377-dfc0-4b41-b024-202557935749",
          "columnIds": [
            "8f5aa254-c67e-42a4-a8fc-661c554e338c"
          ],
          "x": 581.4823582031249,
          "y": 451.1124,
          "direction": "top"
        },
        "end": {
          "tableId": "f92c39c0-6ac7-4c8b-a396-48984f902805",
          "columnIds": [
            "19883b71-1b95-4a0e-be08-89e9f0d7f595"
          ],
          "x": 553.24855546875,
          "y": 200.6668,
          "direction": "right"
        },
        "constraintName": "",
        "visible": true,
        "id": "81f711ee-d3ec-45aa-b9c5-78322049c20c"
      }
    ]
  }
}